{
  "total_experiments": 4,
  "completed_experiments": 0,
  "failed_experiments": 4,
  "success_rate": 0.0,
  "total_time_seconds": 0.8122463226318359,
  "average_time_per_experiment": 0.20306158065795898,
  "timestamp": "2025-09-05T19:37:39.213069"
}