{
  "routing_protocol": "Greedy",
  "num_nodes": 20,
  "drone_speed": 15,
  "seed": 2025,
  "sim_time": 5000000.0,
  "datapacket_generated_num": 480,
  "packet_delivery_ratio": 82.91666666666667,
  "average_delay": 108.31303517587939,
  "routing_load": 0.5025125628140703,
  "throughput": 422.7841076027392,
  "hop_count": 1.763819095477387,
  "collision_num": 294,
  "mac_delay": 0.016561588535031847
}