{
  "routing_protocol": "QGeo",
  "num_nodes": 20,
  "drone_speed": 30,
  "seed": 2025,
  "sim_time": 5000000.0,
  "datapacket_generated_num": 480,
  "packet_delivery_ratio": 15.208333333333332,
  "average_delay": 1151.8053835616438,
  "routing_load": 2.73972602739726,
  "throughput": 65.46070047011645,
  "hop_count": 3.4657534246575343,
  "collision_num": 142,
  "mac_delay": 0.0999248953722334
}