{
  "routing_protocol": "QGeo",
  "num_nodes": 40,
  "drone_speed": 15,
  "seed": 2025,
  "sim_time": 5000000.0,
  "datapacket_generated_num": 933,
  "packet_delivery_ratio": 2.465166130760986,
  "average_delay": 1370.5588695652173,
  "routing_load": 17.391304347826086,
  "throughput": 87.26700057784677,
  "hop_count": 1.565217391304348,
  "collision_num": 914,
  "mac_delay": 0.08090498399246704
}