{
  "routing_protocol": "QMR",
  "num_nodes": 30,
  "drone_speed": 15,
  "seed": 2025,
  "sim_time": 5000000.0,
  "datapacket_generated_num": 728,
  "packet_delivery_ratio": 22.939560439560438,
  "average_delay": 1366.5665808383233,
  "routing_load": 1.7964071856287425,
  "throughput": 21.036267571699568,
  "hop_count": 2.7724550898203595,
  "collision_num": 741,
  "mac_delay": 0.012066847111111112
}