{
  "routing_protocol": "QMR",
  "num_nodes": 40,
  "drone_speed": 15,
  "seed": 2025,
  "sim_time": 5000000.0,
  "datapacket_generated_num": 933,
  "packet_delivery_ratio": 13.290460878885316,
  "average_delay": 1415.9380483870968,
  "routing_load": 3.225806451612903,
  "throughput": 49.66616965957314,
  "hop_count": 2.443548387096774,
  "collision_num": 1036,
  "mac_delay": 0.010944254340277779
}